case_id,question,reference,response,n_chunks,faithfulness,answer_relevancy,context_precision,context_recall,answer_correctness,error_ragas
1,Qual è il ruolo di ENEA nel settore delle energie rinnovabili e delle Comunità Energetiche?,"ENEA è un ente pubblico che si occupa di ricerca, innovazione e supporto tecnico nel settore energetico.
Nel campo delle Comunità Energetiche Rinnovabili (CER), il suo ruolo è fornire supporto tecnico-scientifico: sviluppa strumenti, aiuta enti locali e stakeholder a prendere decisioni informate e affianca le istituzioni sugli aspetti tecnici e tecnologici.
Inoltre, supporta la nascita e lo sviluppo delle CER sui territori e promuove modelli di gestione replicabili, favorendo il confronto tra i diversi attori coinvolti.","ENEA è l’agenzia nazionale che promuove e facilita lo sviluppo delle energie rinnovabili e delle Comunità Energetiche in Italia.  

* Coordina e finanziamenti progetti di ricerca (es. PTR 2022‑2024) per l’innovazione nella produzione e gestione dell’energia verde.  
* Sviluppa piattaforme e strumenti (RECON, Smart Sim, DHOMUS IoT) che permettono alle amministrazioni locali e ai cittadini di valutare, pianificare e monitorare le Comunità Energetiche rinnovabili, offrendo analisi energetiche, economiche e finanziarie.  
* Supporta le decisioni politiche e la normativa nazionale (ad es. D.lgs. 199/2021/RED II) e partecipa a tavoli di confronto con istituzioni, enti locali e settore privato.  
* Promuove la partecipazione attiva dei cittadini alla transizione energetica e il mercato dell’energia in linea con gli orientamenti dell’Unione Europea.",7,0.5454545454545454,0.37733980474828527,0.8766666666491334,1.0,0.7208426716354093,
2,Quali sono gli strumenti che ENEA mette a disposizione per facilitare lo sviluppo delle comunità energetiche?,"ENEA mette a disposizione diversi strumenti gratuiti per supportare lo sviluppo delle Comunità Energetiche.
Tra questi ci sono strumenti digitali come RECON (simulatore energetico-economico), il Geoportale per la pianificazione territoriale e piattaforme per il monitoraggio e la gestione delle CER.
A questi si affiancano strumenti di analisi (come ECListener), progetti pilota per testare soluzioni concrete e un Osservatorio che fornisce dati, analisi e supporto su aspetti tecnici, economici e organizzativi.","ENEA mette a disposizione diversi strumenti per facilitare lo sviluppo delle comunità energetiche (CER):

1. **RECON** – simulatore online che permette analisi energetiche, economiche e finanziarie preliminari per i progetti CER.  
2. **Smart Sim** – servizio che fornisce consigli personalizzati per il risparmio energetico basati sulle abitudini di consumo.  
3. **DHOMUS IoT** – piattaforma che suggerisce comportamenti ottimali per il risparmio energetico analizzando i dati di consumo rilevati.  
4. **Dashboard di gestione** – cruscotto per monitorare e gestire le attività all’interno di una comunità energetica rinnovabile.  
5. **Portale Dhomus** – sistema di raccolta, aggregazione e analisi dei dati dei residenti, con feedback educativi agli utenti.  
6. **Piattaforma Local Token Economy** – strumenti basati su blockchain per lo scambio di beni e servizi in un modello cooperativo e sostenibile.

Questi strumenti sono parte della piattaforma **Smart Energy Community** di ENEA e supportano le fasi di progettazione, analisi e gestione delle CER.",7,0.375,0.327575548193869,0.6595238095106191,0.3333333333333333,0.3793905973955555,
3,Cos'è il TIAD e perché è rilevante per RECON?,"Il TIAD è il riferimento normativo definito da ARERA che regola l’autoconsumo diffuso.
È rilevante per RECON perché ne guida i calcoli: il simulatore applica le regole del TIAD per determinare come viene valorizzata l’energia condivisa e incentivata nelle comunità energetiche.
In pratica, RECON utilizza il quadro regolatorio definito dal TIAD (insieme agli altri provvedimenti collegati) per fornire risultati coerenti con le regole ufficiali.","Non dispongo nel contesto fornito di una definizione o di informazioni specifiche sul “TIAD”. Per poterne descrivere il significato e la rilevanza per RECON avrei bisogno di indicazioni su cosa rappresenti l’acronimo (ad esempio il suo nome completo, la disciplina di riferimento o un passaggio del documento in cui viene introdotto).",7,0.5,0.0,0.0,0.0,0.1315003510461366,
